<?xml version="1.0" encoding="UTF-8"?>
<project-private xmlns="http://www.netbeans.org/ns/project-private/1">
    <editor-bookmarks xmlns="http://www.netbeans.org/ns/editor-bookmarks/2" lastBookmarkId="0"/>
    <open-files xmlns="http://www.netbeans.org/ns/projectui-open-files/2">
        <group>
            <file>file:/C:/Users/erick.retana/Documents/GitKraken/Progra-Estructuras/BuyGames/src/Metodos/Autenticacion.java</file>
            <file>file:/C:/Users/erick.retana/Documents/GitKraken/Progra-Estructuras/BuyGames/src/Metodos/Reporte.java</file>
            <file>file:/C:/Users/erick.retana/Documents/GitKraken/Progra-Estructuras/BuyGames/src/Metodos/Main.java</file>
            <file>file:/C:/Users/erick.retana/Documents/GitKraken/Progra-Estructuras/BuyGames/src/Metodos/ConexionDB.java</file>
            <file>file:/C:/Users/erick.retana/Documents/GitKraken/Progra-Estructuras/BuyGames/src/Formularios/Login.java</file>
        </group>
    </open-files>
</project-private>
